,period_begin,period_end,region_type,region_type_id,region_name,region_id,duration,adjusted_average_homes_sold,active_listings
199,2017-05-01,2017-05-07,metro,-2,"San Francisco, CA metro area",41884,1 weeks,233.0,1778
281,2017-05-08,2017-05-14,metro,-2,"San Francisco, CA metro area",41884,1 weeks,239.0,1796
534,2017-08-07,2017-08-13,metro,-2,"San Francisco, CA metro area",41884,1 weeks,215.0,1430
591,2017-08-14,2017-08-20,metro,-2,"San Francisco, CA metro area",41884,1 weeks,223.0,1446
11937,2017-01-02,2017-01-08,metro,-2,"San Francisco, CA metro area",41884,1 weeks,146.0,871
16397,2017-09-25,2017-10-01,metro,-2,"San Francisco, CA metro area",41884,1 weeks,230.0,1887
20285,2017-12-25,2017-12-31,metro,-2,"San Francisco, CA metro area",41884,1 weeks,197.0,690
20342,2018-01-01,2018-01-07,metro,-2,"San Francisco, CA metro area",41884,1 weeks,98.0,697
24069,2017-01-30,2017-02-05,metro,-2,"San Francisco, CA metro area",41884,1 weeks,124.0,1248
24107,2017-02-06,2017-02-12,metro,-2,"San Francisco, CA metro area",41884,1 weeks,119.0,1300
25057,2017-04-24,2017-04-30,metro,-2,"San Francisco, CA metro area",41884,1 weeks,262.0,1684
30123,2017-07-31,2017-08-06,metro,-2,"San Francisco, CA metro area",41884,1 weeks,218.0,1504
30727,2017-06-05,2017-06-11,metro,-2,"San Francisco, CA metro area",41884,1 weeks,266.0,1752
31010,2017-06-12,2017-06-18,metro,-2,"San Francisco, CA metro area",41884,1 weeks,269.0,1802
31487,2017-02-27,2017-03-05,metro,-2,"San Francisco, CA metro area",41884,1 weeks,185.0,1382
32026,2017-03-06,2017-03-12,metro,-2,"San Francisco, CA metro area",41884,1 weeks,197.0,1450
39091,2017-02-13,2017-02-19,metro,-2,"San Francisco, CA metro area",41884,1 weeks,147.0,1302
39712,2017-01-23,2017-01-29,metro,-2,"San Francisco, CA metro area",41884,1 weeks,98.0,1185
41326,2017-03-27,2017-04-02,metro,-2,"San Francisco, CA metro area",41884,1 weeks,266.0,1593
42739,2017-04-03,2017-04-09,metro,-2,"San Francisco, CA metro area",41884,1 weeks,200.0,1593
45646,2017-01-09,2017-01-15,metro,-2,"San Francisco, CA metro area",41884,1 weeks,134.0,969
45786,2017-09-18,2017-09-24,metro,-2,"San Francisco, CA metro area",41884,1 weeks,225.0,1901
46242,2017-01-16,2017-01-22,metro,-2,"San Francisco, CA metro area",41884,1 weeks,114.0,1068
47494,2017-02-20,2017-02-26,metro,-2,"San Francisco, CA metro area",41884,1 weeks,150.0,1310
47824,2017-03-13,2017-03-19,metro,-2,"San Francisco, CA metro area",41884,1 weeks,194.0,1521
48507,2017-03-20,2017-03-26,metro,-2,"San Francisco, CA metro area",41884,1 weeks,186.0,1529
53928,2017-04-17,2017-04-23,metro,-2,"San Francisco, CA metro area",41884,1 weeks,216.0,1617
55475,2017-04-10,2017-04-16,metro,-2,"San Francisco, CA metro area",41884,1 weeks,222.0,1530
56936,2017-06-19,2017-06-25,metro,-2,"San Francisco, CA metro area",41884,1 weeks,247.0,1770
58230,2017-05-29,2017-06-04,metro,-2,"San Francisco, CA metro area",41884,1 weeks,246.0,1719
58400,2017-06-26,2017-07-02,metro,-2,"San Francisco, CA metro area",41884,1 weeks,321.0,1603
64882,2017-07-03,2017-07-09,metro,-2,"San Francisco, CA metro area",41884,1 weeks,183.0,1489
72711,2017-05-15,2017-05-21,metro,-2,"San Francisco, CA metro area",41884,1 weeks,209.0,1802
75310,2017-10-16,2017-10-22,metro,-2,"San Francisco, CA metro area",41884,1 weeks,265.0,1808
75636,2017-07-10,2017-07-16,metro,-2,"San Francisco, CA metro area",41884,1 weeks,250.0,1571
75693,2017-10-30,2017-11-05,metro,-2,"San Francisco, CA metro area",41884,1 weeks,309.0,1665
75807,2017-07-17,2017-07-23,metro,-2,"San Francisco, CA metro area",41884,1 weeks,247.0,1589
76120,2017-10-23,2017-10-29,metro,-2,"San Francisco, CA metro area",41884,1 weeks,275.0,1738
76314,2017-07-24,2017-07-30,metro,-2,"San Francisco, CA metro area",41884,1 weeks,240.0,1543
77801,2018-05-07,2018-05-13,metro,-2,"San Francisco, CA metro area",41884,1 weeks,246.0,1644
79289,2018-05-14,2018-05-20,metro,-2,"San Francisco, CA metro area",41884,1 weeks,269.0,1679
80749,2017-05-22,2017-05-28,metro,-2,"San Francisco, CA metro area",41884,1 weeks,277.0,1685
84692,2017-09-04,2017-09-10,metro,-2,"San Francisco, CA metro area",41884,1 weeks,156.0,1600
84749,2017-09-11,2017-09-17,metro,-2,"San Francisco, CA metro area",41884,1 weeks,202.0,1767
113324,2017-08-21,2017-08-27,metro,-2,"San Francisco, CA metro area",41884,1 weeks,245.0,1431
113381,2017-08-28,2017-09-03,metro,-2,"San Francisco, CA metro area",41884,1 weeks,224.0,1393
117330,2017-11-06,2017-11-12,metro,-2,"San Francisco, CA metro area",41884,1 weeks,235.0,1579
117387,2017-11-13,2017-11-19,metro,-2,"San Francisco, CA metro area",41884,1 weeks,306.0,1465
119144,2018-06-04,2018-06-10,metro,-2,"San Francisco, CA metro area",41884,1 weeks,255.0,1670
129721,2017-10-02,2017-10-08,metro,-2,"San Francisco, CA metro area",41884,1 weeks,202.0,1851
129778,2017-10-09,2017-10-15,metro,-2,"San Francisco, CA metro area",41884,1 weeks,213.0,1823
130262,2018-06-11,2018-06-17,metro,-2,"San Francisco, CA metro area",41884,1 weeks,260.0,1751
143965,2018-04-02,2018-04-08,metro,-2,"San Francisco, CA metro area",41884,1 weeks,215.0,1389
145872,2017-11-20,2017-11-26,metro,-2,"San Francisco, CA metro area",41884,1 weeks,182.0,1280
153039,2018-04-09,2018-04-15,metro,-2,"San Francisco, CA metro area",41884,1 weeks,220.0,1491
161045,2018-02-12,2018-02-18,metro,-2,"San Francisco, CA metro area",41884,1 weeks,149.0,1187
162222,2018-02-26,2018-03-04,metro,-2,"San Francisco, CA metro area",41884,1 weeks,226.0,1278
176830,2018-02-19,2018-02-25,metro,-2,"San Francisco, CA metro area",41884,1 weeks,173.0,1231
198291,2017-12-11,2017-12-17,metro,-2,"San Francisco, CA metro area",41884,1 weeks,198.0,1055
206356,2018-03-05,2018-03-11,metro,-2,"San Francisco, CA metro area",41884,1 weeks,200.0,1326
211238,2017-11-27,2017-12-03,metro,-2,"San Francisco, CA metro area",41884,1 weeks,253.0,1273
211295,2017-12-04,2017-12-10,metro,-2,"San Francisco, CA metro area",41884,1 weeks,200.0,1197
214271,2017-12-18,2017-12-24,metro,-2,"San Francisco, CA metro area",41884,1 weeks,204.0,840
219151,2018-03-12,2018-03-18,metro,-2,"San Francisco, CA metro area",41884,1 weeks,204.0,1372
219478,2018-03-19,2018-03-25,metro,-2,"San Francisco, CA metro area",41884,1 weeks,227.0,1405
220051,2018-02-05,2018-02-11,metro,-2,"San Francisco, CA metro area",41884,1 weeks,132.0,1151
220137,2018-03-26,2018-04-01,metro,-2,"San Francisco, CA metro area",41884,1 weeks,268.0,1363
223194,2018-01-08,2018-01-14,metro,-2,"San Francisco, CA metro area",41884,1 weeks,121.0,810
234725,2018-06-18,2018-06-24,metro,-2,"San Francisco, CA metro area",41884,1 weeks,269.0,1712
242080,2018-01-15,2018-01-21,metro,-2,"San Francisco, CA metro area",41884,1 weeks,98.0,959
274408,2018-08-06,2018-08-12,metro,-2,"San Francisco, CA metro area",41884,1 weeks,233.0,1554
275494,2018-01-22,2018-01-28,metro,-2,"San Francisco, CA metro area",41884,1 weeks,109.0,1047
275925,2018-01-29,2018-02-04,metro,-2,"San Francisco, CA metro area",41884,1 weeks,126.0,1085
297504,2018-05-21,2018-05-27,metro,-2,"San Francisco, CA metro area",41884,1 weeks,295.0,1612
307320,2018-05-28,2018-06-03,metro,-2,"San Francisco, CA metro area",41884,1 weeks,270.0,1628
311094,2018-07-23,2018-07-29,metro,-2,"San Francisco, CA metro area",41884,1 weeks,242.0,1627
312475,2018-06-25,2018-07-01,metro,-2,"San Francisco, CA metro area",41884,1 weeks,295.0,1664
321610,2018-07-30,2018-08-05,metro,-2,"San Francisco, CA metro area",41884,1 weeks,209.0,1613
321633,2018-07-02,2018-07-08,metro,-2,"San Francisco, CA metro area",41884,1 weeks,185.0,1535
324788,2018-07-09,2018-07-15,metro,-2,"San Francisco, CA metro area",41884,1 weeks,250.0,1622
330770,2018-07-16,2018-07-22,metro,-2,"San Francisco, CA metro area",41884,1 weeks,240.0,1665
348414,2018-08-13,2018-08-19,metro,-2,"San Francisco, CA metro area",41884,1 weeks,228.0,1548
348471,2018-08-20,2018-08-26,metro,-2,"San Francisco, CA metro area",41884,1 weeks,190.0,1525
351458,2018-04-16,2018-04-22,metro,-2,"San Francisco, CA metro area",41884,1 weeks,253.0,1564
365648,2018-04-23,2018-04-29,metro,-2,"San Francisco, CA metro area",41884,1 weeks,253.0,1563
365705,2018-04-30,2018-05-06,metro,-2,"San Francisco, CA metro area",41884,1 weeks,242.0,1576
367910,2018-10-22,2018-10-28,metro,-2,"San Francisco, CA metro area",41884,1 weeks,243.0,2312
367967,2018-10-29,2018-11-04,metro,-2,"San Francisco, CA metro area",41884,1 weeks,277.0,2268
382142,2018-12-31,2019-01-06,metro,-2,"San Francisco, CA metro area",41884,1 weeks,124.0,1080
409864,2018-11-05,2018-11-11,metro,-2,"San Francisco, CA metro area",41884,1 weeks,213.0,2212
428530,2018-12-17,2018-12-23,metro,-2,"San Francisco, CA metro area",41884,1 weeks,192.0,1308
428587,2018-12-24,2018-12-30,metro,-2,"San Francisco, CA metro area",41884,1 weeks,121.0,1089
452003,2018-11-12,2018-11-18,metro,-2,"San Francisco, CA metro area",41884,1 weeks,229.0,2087
458570,2018-09-03,2018-09-09,metro,-2,"San Francisco, CA metro area",41884,1 weeks,175.0,1798
458627,2018-09-10,2018-09-16,metro,-2,"San Francisco, CA metro area",41884,1 weeks,207.0,2068
459813,2018-09-24,2018-09-30,metro,-2,"San Francisco, CA metro area",41884,1 weeks,196.0,2251
459870,2018-10-01,2018-10-07,metro,-2,"San Francisco, CA metro area",41884,1 weeks,231.0,2264
461106,2018-09-17,2018-09-23,metro,-2,"San Francisco, CA metro area",41884,1 weeks,191.0,2212
462447,2018-08-27,2018-09-02,metro,-2,"San Francisco, CA metro area",41884,1 weeks,216.0,1505
496850,2018-10-08,2018-10-14,metro,-2,"San Francisco, CA metro area",41884,1 weeks,230.0,2298
496907,2018-10-15,2018-10-21,metro,-2,"San Francisco, CA metro area",41884,1 weeks,249.0,2307
502311,2018-11-19,2018-11-25,metro,-2,"San Francisco, CA metro area",41884,1 weeks,180.0,1904
502368,2018-11-26,2018-12-02,metro,-2,"San Francisco, CA metro area",41884,1 weeks,242.0,1892
510412,2018-12-03,2018-12-09,metro,-2,"San Francisco, CA metro area",41884,1 weeks,196.0,1722
569927,2019-05-27,2019-06-02,metro,-2,"San Francisco, CA metro area",41884,1 weeks,229.0,1785
569984,2019-06-03,2019-06-09,metro,-2,"San Francisco, CA metro area",41884,1 weeks,256.0,1848
596055,2019-01-07,2019-01-13,metro,-2,"San Francisco, CA metro area",41884,1 weeks,132.0,1217
604908,2019-10-21,2019-10-27,metro,-2,"San Francisco, CA metro area",41884,1 weeks,265.0,2420
610774,2019-05-20,2019-05-26,metro,-2,"San Francisco, CA metro area",41884,1 weeks,267.0,1735
620190,2019-01-14,2019-01-20,metro,-2,"San Francisco, CA metro area",41884,1 weeks,116.0,1327
620247,2019-01-21,2019-01-27,metro,-2,"San Francisco, CA metro area",41884,1 weeks,81.0,1471
623648,2019-02-04,2019-02-10,metro,-2,"San Francisco, CA metro area",41884,1 weeks,103.0,1599
623705,2019-02-11,2019-02-17,metro,-2,"San Francisco, CA metro area",41884,1 weeks,158.0,1592
625033,2019-01-28,2019-02-03,metro,-2,"San Francisco, CA metro area",41884,1 weeks,107.0,1509
637021,2019-06-24,2019-06-30,metro,-2,"San Francisco, CA metro area",41884,1 weeks,246.0,1829
645409,2019-06-10,2019-06-16,metro,-2,"San Francisco, CA metro area",41884,1 weeks,256.0,1870
645466,2019-06-17,2019-06-23,metro,-2,"San Francisco, CA metro area",41884,1 weeks,238.0,1878
652164,2019-05-13,2019-05-19,metro,-2,"San Francisco, CA metro area",41884,1 weeks,255.0,1792
653257,2019-04-29,2019-05-05,metro,-2,"San Francisco, CA metro area",41884,1 weeks,306.0,1788
653314,2019-05-06,2019-05-12,metro,-2,"San Francisco, CA metro area",41884,1 weeks,256.0,1813
664597,2019-07-01,2019-07-07,metro,-2,"San Francisco, CA metro area",41884,1 weeks,190.0,1669
664654,2019-07-08,2019-07-14,metro,-2,"San Francisco, CA metro area",41884,1 weeks,238.0,1745
666485,2019-04-08,2019-04-14,metro,-2,"San Francisco, CA metro area",41884,1 weeks,271.0,1676
666542,2019-04-15,2019-04-21,metro,-2,"San Francisco, CA metro area",41884,1 weeks,211.0,1624
681280,2019-03-04,2019-03-10,metro,-2,"San Francisco, CA metro area",41884,1 weeks,189.0,1647
681336,2019-03-11,2019-03-17,metro,-2,"San Francisco, CA metro area",41884,1 weeks,182.0,1677
694081,2019-03-18,2019-03-24,metro,-2,"San Francisco, CA metro area",41884,1 weeks,250.0,1684
695816,2019-03-25,2019-03-31,metro,-2,"San Francisco, CA metro area",41884,1 weeks,222.0,1665
695871,2019-04-01,2019-04-07,metro,-2,"San Francisco, CA metro area",41884,1 weeks,211.0,1642
714021,2019-04-22,2019-04-28,metro,-2,"San Francisco, CA metro area",41884,1 weeks,249.0,1717
729695,2018-12-10,2018-12-16,metro,-2,"San Francisco, CA metro area",41884,1 weeks,173.0,1556
741692,2019-07-15,2019-07-21,metro,-2,"San Francisco, CA metro area",41884,1 weeks,245.0,1753
741749,2019-07-22,2019-07-28,metro,-2,"San Francisco, CA metro area",41884,1 weeks,214.0,1781
777929,2019-02-18,2019-02-24,metro,-2,"San Francisco, CA metro area",41884,1 weeks,169.0,1599
777985,2019-02-25,2019-03-03,metro,-2,"San Francisco, CA metro area",41884,1 weeks,210.0,1636
785844,2019-10-28,2019-11-03,metro,-2,"San Francisco, CA metro area",41884,1 weeks,247.0,2335
785901,2019-11-04,2019-11-10,metro,-2,"San Francisco, CA metro area",41884,1 weeks,237.0,2230
801407,2019-08-12,2019-08-18,metro,-2,"San Francisco, CA metro area",41884,1 weeks,189.0,1643
826080,2019-12-02,2019-12-08,metro,-2,"San Francisco, CA metro area",41884,1 weeks,227.0,1616
826137,2019-12-09,2019-12-15,metro,-2,"San Francisco, CA metro area",41884,1 weeks,220.0,1438
839756,2019-10-07,2019-10-13,metro,-2,"San Francisco, CA metro area",41884,1 weeks,229.0,2403
839813,2019-10-14,2019-10-20,metro,-2,"San Francisco, CA metro area",41884,1 weeks,220.0,2454
841856,2019-09-23,2019-09-29,metro,-2,"San Francisco, CA metro area",41884,1 weeks,168.0,2337
841913,2019-09-30,2019-10-06,metro,-2,"San Francisco, CA metro area",41884,1 weeks,212.0,2400
859328,2019-12-30,2020-01-05,metro,-2,"San Francisco, CA metro area",41884,1 weeks,126.0,990
873082,2019-08-19,2019-08-25,metro,-2,"San Francisco, CA metro area",41884,1 weeks,226.0,1631
873139,2019-08-26,2019-09-01,metro,-2,"San Francisco, CA metro area",41884,1 weeks,222.0,1611
927642,2019-09-09,2019-09-15,metro,-2,"San Francisco, CA metro area",41884,1 weeks,190.0,2140
927699,2019-09-16,2019-09-22,metro,-2,"San Francisco, CA metro area",41884,1 weeks,174.0,2297
929231,2019-09-02,2019-09-08,metro,-2,"San Francisco, CA metro area",41884,1 weeks,166.0,1882
931325,2019-12-16,2019-12-22,metro,-2,"San Francisco, CA metro area",41884,1 weeks,210.0,1238
931382,2019-12-23,2019-12-29,metro,-2,"San Francisco, CA metro area",41884,1 weeks,128.0,1007
957184,2019-07-29,2019-08-04,metro,-2,"San Francisco, CA metro area",41884,1 weeks,202.0,1720
957241,2019-08-05,2019-08-11,metro,-2,"San Francisco, CA metro area",41884,1 weeks,175.0,1643
995108,2020-04-13,2020-04-19,metro,-2,"San Francisco, CA metro area",41884,1 weeks,107.0,1476
1003128,2020-01-27,2020-02-02,metro,-2,"San Francisco, CA metro area",41884,1 weeks,118.0,1211
1019264,2020-05-04,2020-05-10,metro,-2,"San Francisco, CA metro area",41884,1 weeks,91.0,1723
1025189,2019-11-18,2019-11-24,metro,-2,"San Francisco, CA metro area",41884,1 weeks,232.0,1943
1025246,2019-11-25,2019-12-01,metro,-2,"San Francisco, CA metro area",41884,1 weeks,188.0,1727
1042632,2020-01-13,2020-01-19,metro,-2,"San Francisco, CA metro area",41884,1 weeks,142.0,1103
1042689,2020-01-20,2020-01-26,metro,-2,"San Francisco, CA metro area",41884,1 weeks,81.0,1198
1060243,2020-10-05,2020-10-11,metro,-2,"San Francisco, CA metro area",41884,1 weeks,287.0,3619
1063179,2020-06-08,2020-06-14,metro,-2,"San Francisco, CA metro area",41884,1 weeks,167.0,2295
1063236,2020-06-15,2020-06-21,metro,-2,"San Francisco, CA metro area",41884,1 weeks,187.0,2401
1071398,2020-03-02,2020-03-08,metro,-2,"San Francisco, CA metro area",41884,1 weeks,194.0,1694
1071455,2020-03-09,2020-03-15,metro,-2,"San Francisco, CA metro area",41884,1 weeks,185.0,1751
1071982,2020-03-16,2020-03-22,metro,-2,"San Francisco, CA metro area",41884,1 weeks,199.0,1635
1072039,2020-03-23,2020-03-29,metro,-2,"San Francisco, CA metro area",41884,1 weeks,181.0,1383
1097370,2020-09-21,2020-09-27,metro,-2,"San Francisco, CA metro area",41884,1 weeks,260.0,3561
1118790,2020-02-17,2020-02-23,metro,-2,"San Francisco, CA metro area",41884,1 weeks,149.0,1529
1118847,2020-02-24,2020-03-01,metro,-2,"San Francisco, CA metro area",41884,1 weeks,186.0,1623
1123649,2020-03-30,2020-04-05,metro,-2,"San Francisco, CA metro area",41884,1 weeks,152.0,1375
1123706,2020-04-06,2020-04-12,metro,-2,"San Francisco, CA metro area",41884,1 weeks,116.0,1408
1142401,2020-02-03,2020-02-09,metro,-2,"San Francisco, CA metro area",41884,1 weeks,119.0,1390
1142458,2020-02-10,2020-02-16,metro,-2,"San Francisco, CA metro area",41884,1 weeks,164.0,1453
1145499,2020-09-14,2020-09-20,metro,-2,"San Francisco, CA metro area",41884,1 weeks,283.0,3463
1168198,2020-01-06,2020-01-12,metro,-2,"San Francisco, CA metro area",41884,1 weeks,157.0,1010
1181369,2019-11-11,2019-11-17,metro,-2,"San Francisco, CA metro area",41884,1 weeks,221.0,2122
1203916,2020-07-06,2020-07-12,metro,-2,"San Francisco, CA metro area",41884,1 weeks,216.0,2591
1203973,2020-07-13,2020-07-19,metro,-2,"San Francisco, CA metro area",41884,1 weeks,240.0,2706
1224874,2020-05-11,2020-05-17,metro,-2,"San Francisco, CA metro area",41884,1 weeks,102.0,1867
1233333,2020-04-20,2020-04-26,metro,-2,"San Francisco, CA metro area",41884,1 weeks,127.0,1553
1233390,2020-04-27,2020-05-03,metro,-2,"San Francisco, CA metro area",41884,1 weeks,106.0,1619
1261786,2020-12-07,2020-12-13,metro,-2,"San Francisco, CA metro area",41884,1 weeks,284.0,2629
1262596,2020-06-22,2020-06-28,metro,-2,"San Francisco, CA metro area",41884,1 weeks,182.0,2481
1262653,2020-06-29,2020-07-05,metro,-2,"San Francisco, CA metro area",41884,1 weeks,197.0,2439
1273202,2021-04-26,2021-05-02,metro,-2,"San Francisco, CA metro area",41884,1 weeks,401.0,2284
1273259,2021-05-03,2021-05-09,metro,-2,"San Francisco, CA metro area",41884,1 weeks,291.0,2285
1274473,2020-10-26,2020-11-01,metro,-2,"San Francisco, CA metro area",41884,1 weeks,304.0,3599
1274530,2020-11-02,2020-11-08,metro,-2,"San Francisco, CA metro area",41884,1 weeks,280.0,3423
1295572,2021-03-29,2021-04-04,metro,-2,"San Francisco, CA metro area",41884,1 weeks,326.0,2275
1295629,2021-04-05,2021-04-11,metro,-2,"San Francisco, CA metro area",41884,1 weeks,305.0,2294
1298546,2020-07-27,2020-08-02,metro,-2,"San Francisco, CA metro area",41884,1 weeks,263.0,2864
1298603,2020-08-03,2020-08-09,metro,-2,"San Francisco, CA metro area",41884,1 weeks,208.0,2927
1303963,2021-11-01,2021-11-07,metro,-2,"San Francisco, CA metro area",41884,1 weeks,311.0,2434
1304020,2021-11-08,2021-11-14,metro,-2,"San Francisco, CA metro area",41884,1 weeks,309.0,2333
1331579,2020-10-12,2020-10-18,metro,-2,"San Francisco, CA metro area",41884,1 weeks,258.0,3662
1331636,2020-10-19,2020-10-25,metro,-2,"San Francisco, CA metro area",41884,1 weeks,303.0,3663
1332142,2020-09-28,2020-10-04,metro,-2,"San Francisco, CA metro area",41884,1 weeks,277.0,3629
1334014,2020-12-14,2020-12-20,metro,-2,"San Francisco, CA metro area",41884,1 weeks,300.0,2386
1334071,2020-12-21,2020-12-27,metro,-2,"San Francisco, CA metro area",41884,1 weeks,212.0,2035
1339041,2020-11-23,2020-11-29,metro,-2,"San Francisco, CA metro area",41884,1 weeks,225.0,2949
1339098,2020-11-30,2020-12-06,metro,-2,"San Francisco, CA metro area",41884,1 weeks,328.0,2923
1346642,2020-08-10,2020-08-16,metro,-2,"San Francisco, CA metro area",41884,1 weeks,212.0,3042
1346699,2020-08-17,2020-08-23,metro,-2,"San Francisco, CA metro area",41884,1 weeks,235.0,3076
1349615,2020-07-20,2020-07-26,metro,-2,"San Francisco, CA metro area",41884,1 weeks,241.0,2822
1377578,2021-05-31,2021-06-06,metro,-2,"San Francisco, CA metro area",41884,1 weeks,301.0,2215
1425306,2020-11-09,2020-11-15,metro,-2,"San Francisco, CA metro area",41884,1 weeks,274.0,3379
1425363,2020-11-16,2020-11-22,metro,-2,"San Francisco, CA metro area",41884,1 weeks,326.0,3234
1433699,2021-03-22,2021-03-28,metro,-2,"San Francisco, CA metro area",41884,1 weeks,307.0,2293
1451662,2020-05-18,2020-05-24,metro,-2,"San Francisco, CA metro area",41884,1 weeks,145.0,1993
1452784,2020-05-25,2020-05-31,metro,-2,"San Francisco, CA metro area",41884,1 weeks,158.0,2060
1452841,2020-06-01,2020-06-07,metro,-2,"San Francisco, CA metro area",41884,1 weeks,138.0,2177
1454088,2020-08-24,2020-08-30,metro,-2,"San Francisco, CA metro area",41884,1 weeks,261.0,3163
1454145,2020-08-31,2020-09-06,metro,-2,"San Francisco, CA metro area",41884,1 weeks,247.0,3214
1463615,2020-09-07,2020-09-13,metro,-2,"San Francisco, CA metro area",41884,1 weeks,208.0,3263
1481238,2021-11-15,2021-11-21,metro,-2,"San Francisco, CA metro area",41884,1 weeks,358.0,2152
1481295,2021-11-22,2021-11-28,metro,-2,"San Francisco, CA metro area",41884,1 weeks,240.0,1850
1491571,2021-06-07,2021-06-13,metro,-2,"San Francisco, CA metro area",41884,1 weeks,370.0,2256
1494780,2021-01-11,2021-01-17,metro,-2,"San Francisco, CA metro area",41884,1 weeks,216.0,1984
1494837,2021-01-18,2021-01-24,metro,-2,"San Francisco, CA metro area",41884,1 weeks,182.0,2094
1512892,2021-08-02,2021-08-08,metro,-2,"San Francisco, CA metro area",41884,1 weeks,276.0,2227
1519033,2021-09-20,2021-09-26,metro,-2,"San Francisco, CA metro area",41884,1 weeks,262.0,2619
1535855,2021-04-12,2021-04-18,metro,-2,"San Francisco, CA metro area",41884,1 weeks,295.0,2308
1535912,2021-04-19,2021-04-25,metro,-2,"San Francisco, CA metro area",41884,1 weeks,337.0,2306
1544705,2021-12-06,2021-12-12,metro,-2,"San Francisco, CA metro area",41884,1 weeks,278.0,1637
1544762,2021-12-13,2021-12-19,metro,-2,"San Francisco, CA metro area",41884,1 weeks,262.0,1437
1546065,2021-05-17,2021-05-23,metro,-2,"San Francisco, CA metro area",41884,1 weeks,363.0,2335
1546122,2021-05-24,2021-05-30,metro,-2,"San Francisco, CA metro area",41884,1 weeks,383.0,2210
1546707,2021-06-28,2021-07-04,metro,-2,"San Francisco, CA metro area",41884,1 weeks,327.0,2156
1549290,2021-07-19,2021-07-25,metro,-2,"San Francisco, CA metro area",41884,1 weeks,328.0,2324
1549347,2021-07-26,2021-08-01,metro,-2,"San Francisco, CA metro area",41884,1 weeks,323.0,2276
1554040,2021-11-29,2021-12-05,metro,-2,"San Francisco, CA metro area",41884,1 weeks,340.0,1827
1569358,2021-09-06,2021-09-12,metro,-2,"San Francisco, CA metro area",41884,1 weeks,251.0,2360
1569415,2021-09-13,2021-09-19,metro,-2,"San Francisco, CA metro area",41884,1 weeks,287.0,2553
1573385,2021-12-20,2021-12-26,metro,-2,"San Francisco, CA metro area",41884,1 weeks,217.0,1190
1590267,2021-01-25,2021-01-31,metro,-2,"San Francisco, CA metro area",41884,1 weeks,195.0,2064
1591029,2020-12-28,2021-01-03,metro,-2,"San Francisco, CA metro area",41884,1 weeks,223.0,1868
1591086,2021-01-04,2021-01-10,metro,-2,"San Francisco, CA metro area",41884,1 weeks,224.0,1903
1595506,2021-07-05,2021-07-11,metro,-2,"San Francisco, CA metro area",41884,1 weeks,262.0,2220
1595563,2021-07-12,2021-07-18,metro,-2,"San Francisco, CA metro area",41884,1 weeks,284.0,2346
1651395,2021-03-15,2021-03-21,metro,-2,"San Francisco, CA metro area",41884,1 weeks,273.0,2247
1676980,2021-02-15,2021-02-21,metro,-2,"San Francisco, CA metro area",41884,1 weeks,211.0,2161
1677037,2021-02-22,2021-02-28,metro,-2,"San Francisco, CA metro area",41884,1 weeks,292.0,2277
1682790,2021-03-01,2021-03-07,metro,-2,"San Francisco, CA metro area",41884,1 weeks,246.0,2301
1682847,2021-03-08,2021-03-14,metro,-2,"San Francisco, CA metro area",41884,1 weeks,305.0,2292
1687893,2021-05-10,2021-05-16,metro,-2,"San Francisco, CA metro area",41884,1 weeks,337.0,2316
1688478,2021-06-14,2021-06-20,metro,-2,"San Francisco, CA metro area",41884,1 weeks,311.0,2318
1688535,2021-06-21,2021-06-27,metro,-2,"San Francisco, CA metro area",41884,1 weeks,377.0,2346
1691993,2021-02-01,2021-02-07,metro,-2,"San Francisco, CA metro area",41884,1 weeks,167.0,2081
1692050,2021-02-08,2021-02-14,metro,-2,"San Francisco, CA metro area",41884,1 weeks,192.0,2127
1705030,2022-10-10,2022-10-16,metro,-2,"San Francisco, CA metro area",41884,1 weeks,177.0,2782
1706994,2021-08-09,2021-08-15,metro,-2,"San Francisco, CA metro area",41884,1 weeks,270.0,2191
1707051,2021-08-16,2021-08-22,metro,-2,"San Francisco, CA metro area",41884,1 weeks,307.0,2169
1726040,2022-07-11,2022-07-17,metro,-2,"San Francisco, CA metro area",41884,1 weeks,199.0,2646
1744446,2022-10-03,2022-10-09,metro,-2,"San Francisco, CA metro area",41884,1 weeks,194.0,2762
1785788,2021-09-27,2021-10-03,metro,-2,"San Francisco, CA metro area",41884,1 weeks,319.0,2647
1785845,2021-10-04,2021-10-10,metro,-2,"San Francisco, CA metro area",41884,1 weeks,271.0,2594
1791357,2022-02-21,2022-02-27,metro,-2,"San Francisco, CA metro area",41884,1 weeks,209.0,1758
1791414,2022-02-28,2022-03-06,metro,-2,"San Francisco, CA metro area",41884,1 weeks,266.0,1883
1854285,2022-01-17,2022-01-23,metro,-2,"San Francisco, CA metro area",41884,1 weeks,141.0,1395
1865754,2021-08-23,2021-08-29,metro,-2,"San Francisco, CA metro area",41884,1 weeks,296.0,2170
1865811,2021-08-30,2021-09-05,metro,-2,"San Francisco, CA metro area",41884,1 weeks,311.0,2049
1885936,2021-12-27,2022-01-02,metro,-2,"San Francisco, CA metro area",41884,1 weeks,162.0,1048
1893216,2021-10-11,2021-10-17,metro,-2,"San Francisco, CA metro area",41884,1 weeks,302.0,2582
1913555,2022-08-15,2022-08-21,metro,-2,"San Francisco, CA metro area",41884,1 weeks,197.0,2471
1921537,2022-03-21,2022-03-27,metro,-2,"San Francisco, CA metro area",41884,1 weeks,303.0,1934
1921594,2022-03-28,2022-04-03,metro,-2,"San Francisco, CA metro area",41884,1 weeks,291.0,1940
1928647,2022-01-24,2022-01-30,metro,-2,"San Francisco, CA metro area",41884,1 weeks,118.0,1445
1928704,2022-01-31,2022-02-06,metro,-2,"San Francisco, CA metro area",41884,1 weeks,139.0,1568
1939747,2022-07-18,2022-07-24,metro,-2,"San Francisco, CA metro area",41884,1 weeks,219.0,2590
1946888,2022-05-16,2022-05-22,metro,-2,"San Francisco, CA metro area",41884,1 weeks,284.0,2443
1946945,2022-05-23,2022-05-29,metro,-2,"San Francisco, CA metro area",41884,1 weeks,318.0,2413
1956565,2022-02-07,2022-02-13,metro,-2,"San Francisco, CA metro area",41884,1 weeks,152.0,1608
1956622,2022-02-14,2022-02-20,metro,-2,"San Francisco, CA metro area",41884,1 weeks,218.0,1663
1975079,2023-05-29,2023-06-04,metro,-2,"San Francisco, CA metro area",41884,1 weeks,183.0,2167
1975139,2023-06-05,2023-06-11,metro,-2,"San Francisco, CA metro area",41884,1 weeks,218.0,2184
1975611,2022-06-06,2022-06-12,metro,-2,"San Francisco, CA metro area",41884,1 weeks,261.0,2567
1975671,2022-06-13,2022-06-19,metro,-2,"San Francisco, CA metro area",41884,1 weeks,245.0,2646
1980476,2022-10-31,2022-11-06,metro,-2,"San Francisco, CA metro area",41884,1 weeks,209.0,2682
1980536,2022-11-07,2022-11-13,metro,-2,"San Francisco, CA metro area",41884,1 weeks,149.0,2556
1986760,2022-04-04,2022-04-10,metro,-2,"San Francisco, CA metro area",41884,1 weeks,277.0,2036
1986817,2022-04-11,2022-04-17,metro,-2,"San Francisco, CA metro area",41884,1 weeks,294.0,2022
1989876,2022-10-17,2022-10-23,metro,-2,"San Francisco, CA metro area",41884,1 weeks,217.0,2743
1989936,2022-10-24,2022-10-30,metro,-2,"San Francisco, CA metro area",41884,1 weeks,185.0,2739
1990505,2022-03-14,2022-03-20,metro,-2,"San Francisco, CA metro area",41884,1 weeks,277.0,1936
1993684,2021-10-18,2021-10-24,metro,-2,"San Francisco, CA metro area",41884,1 weeks,356.0,2559
1993741,2021-10-25,2021-10-31,metro,-2,"San Francisco, CA metro area",41884,1 weeks,349.0,2482
2006016,2022-11-14,2022-11-20,metro,-2,"San Francisco, CA metro area",41884,1 weeks,218.0,2463
2027968,2022-06-20,2022-06-26,metro,-2,"San Francisco, CA metro area",41884,1 weeks,221.0,2689
2028028,2022-06-27,2022-07-03,metro,-2,"San Francisco, CA metro area",41884,1 weeks,276.0,2580
2037290,2022-07-25,2022-07-31,metro,-2,"San Francisco, CA metro area",41884,1 weeks,235.0,2538
2041203,2022-05-30,2022-06-05,metro,-2,"San Francisco, CA metro area",41884,1 weeks,226.0,2480
2060140,2022-03-07,2022-03-13,metro,-2,"San Francisco, CA metro area",41884,1 weeks,268.0,1906
2066663,2022-01-03,2022-01-09,metro,-2,"San Francisco, CA metro area",41884,1 weeks,198.0,1139
2066720,2022-01-10,2022-01-16,metro,-2,"San Francisco, CA metro area",41884,1 weeks,168.0,1243
2069878,2022-12-05,2022-12-11,metro,-2,"San Francisco, CA metro area",41884,1 weeks,162.0,2028
2088244,2023-01-23,2023-01-29,metro,-2,"San Francisco, CA metro area",41884,1 weeks,67.0,1595
2088304,2023-01-30,2023-02-05,metro,-2,"San Francisco, CA metro area",41884,1 weeks,109.0,1676
2096522,2023-05-15,2023-05-21,metro,-2,"San Francisco, CA metro area",41884,1 weeks,221.0,2168
2096582,2023-05-22,2023-05-28,metro,-2,"San Francisco, CA metro area",41884,1 weeks,214.0,2127
2104862,2022-08-01,2022-08-07,metro,-2,"San Francisco, CA metro area",41884,1 weeks,170.0,2500
2117854,2022-08-08,2022-08-14,metro,-2,"San Francisco, CA metro area",41884,1 weeks,204.0,2456
2129201,2022-08-22,2022-08-28,metro,-2,"San Francisco, CA metro area",41884,1 weeks,201.0,2412
2136057,2022-05-09,2022-05-15,metro,-2,"San Francisco, CA metro area",41884,1 weeks,282.0,2316
2143959,2023-05-08,2023-05-14,metro,-2,"San Francisco, CA metro area",41884,1 weeks,186.0,2086
2150776,2022-05-02,2022-05-08,metro,-2,"San Francisco, CA metro area",41884,1 weeks,315.0,2217
2153700,2023-02-06,2023-02-12,metro,-2,"San Francisco, CA metro area",41884,1 weeks,102.0,1656
2159054,2022-07-04,2022-07-10,metro,-2,"San Francisco, CA metro area",41884,1 weeks,152.0,2558
2172025,2023-03-06,2023-03-12,metro,-2,"San Francisco, CA metro area",41884,1 weeks,179.0,1764
2172085,2023-03-13,2023-03-19,metro,-2,"San Francisco, CA metro area",41884,1 weeks,169.0,1805
2222919,2023-04-10,2023-04-16,metro,-2,"San Francisco, CA metro area",41884,1 weeks,186.0,1918
2222979,2023-04-17,2023-04-23,metro,-2,"San Francisco, CA metro area",41884,1 weeks,175.0,2021
2236755,2023-06-19,2023-06-25,metro,-2,"San Francisco, CA metro area",41884,1 weeks,180.0,2178
2244104,2022-04-18,2022-04-24,metro,-2,"San Francisco, CA metro area",41884,1 weeks,305.0,2073
2244161,2022-04-25,2022-05-01,metro,-2,"San Francisco, CA metro area",41884,1 weeks,318.0,2163
2262041,2024-03-11,2024-03-17,metro,-2,"San Francisco, CA metro area",41884,1 weeks,181.0,1877
2290433,2023-02-13,2023-02-19,metro,-2,"San Francisco, CA metro area",41884,1 weeks,151.0,1721
2296707,2022-11-21,2022-11-27,metro,-2,"San Francisco, CA metro area",41884,1 weeks,129.0,2248
2296767,2022-11-28,2022-12-04,metro,-2,"San Francisco, CA metro area",41884,1 weeks,173.0,2186
2305734,2023-06-12,2023-06-18,metro,-2,"San Francisco, CA metro area",41884,1 weeks,226.0,2201
2314952,2022-08-29,2022-09-04,metro,-2,"San Francisco, CA metro area",41884,1 weeks,224.0,2287
2315012,2022-09-05,2022-09-11,metro,-2,"San Francisco, CA metro area",41884,1 weeks,176.0,2498
2318668,2022-09-12,2022-09-18,metro,-2,"San Francisco, CA metro area",41884,1 weeks,188.0,2687
2320945,2022-09-19,2022-09-25,metro,-2,"San Francisco, CA metro area",41884,1 weeks,217.0,2774
2321005,2022-09-26,2022-10-02,metro,-2,"San Francisco, CA metro area",41884,1 weeks,219.0,2781
2360177,2023-03-20,2023-03-26,metro,-2,"San Francisco, CA metro area",41884,1 weeks,184.0,1831
2361174,2023-09-11,2023-09-17,metro,-2,"San Francisco, CA metro area",41884,1 weeks,155.0,2352
2361234,2023-09-18,2023-09-24,metro,-2,"San Francisco, CA metro area",41884,1 weeks,178.0,2418
2369946,2024-01-15,2024-01-21,metro,-2,"San Francisco, CA metro area",41884,1 weeks,83.0,1380
2487246,2023-06-26,2023-07-02,metro,-2,"San Francisco, CA metro area",41884,1 weeks,224.0,2055
2487306,2023-07-03,2023-07-09,metro,-2,"San Francisco, CA metro area",41884,1 weeks,147.0,1993
2493964,2023-12-11,2023-12-17,metro,-2,"San Francisco, CA metro area",41884,1 weeks,161.0,1643
2518173,2023-03-27,2023-04-02,metro,-2,"San Francisco, CA metro area",41884,1 weeks,178.0,1870
2518233,2023-04-03,2023-04-09,metro,-2,"San Francisco, CA metro area",41884,1 weeks,154.0,1831
2521891,2023-01-09,2023-01-15,metro,-2,"San Francisco, CA metro area",41884,1 weeks,119.0,1353
2521951,2023-01-16,2023-01-22,metro,-2,"San Francisco, CA metro area",41884,1 weeks,95.0,1479
2547856,2023-02-20,2023-02-26,metro,-2,"San Francisco, CA metro area",41884,1 weeks,134.0,1718
2547916,2023-02-27,2023-03-05,metro,-2,"San Francisco, CA metro area",41884,1 weeks,156.0,1784
2551031,2022-12-19,2022-12-25,metro,-2,"San Francisco, CA metro area",41884,1 weeks,144.0,1600
2555712,2023-01-02,2023-01-08,metro,-2,"San Francisco, CA metro area",41884,1 weeks,94.0,1337
2562176,2024-01-22,2024-01-28,metro,-2,"San Francisco, CA metro area",41884,1 weeks,80.0,1478
2562236,2024-01-29,2024-02-04,metro,-2,"San Francisco, CA metro area",41884,1 weeks,103.0,1549
2565107,2022-12-12,2022-12-18,metro,-2,"San Francisco, CA metro area",41884,1 weeks,156.0,1852
2567445,2023-12-18,2023-12-24,metro,-2,"San Francisco, CA metro area",41884,1 weeks,147.0,1377
2567505,2023-12-25,2023-12-31,metro,-2,"San Francisco, CA metro area",41884,1 weeks,102.0,1176
2587439,2024-06-10,2024-06-16,metro,-2,"San Francisco, CA metro area",41884,1 weeks,221.0,2322
2587502,2024-06-17,2024-06-23,metro,-2,"San Francisco, CA metro area",41884,1 weeks,168.0,2311
2592398,2023-07-10,2023-07-16,metro,-2,"San Francisco, CA metro area",41884,1 weeks,194.0,2059
2592458,2023-07-17,2023-07-23,metro,-2,"San Francisco, CA metro area",41884,1 weeks,179.0,2088
2632137,2024-01-08,2024-01-14,metro,-2,"San Francisco, CA metro area",41884,1 weeks,119.0,1244
2636515,2023-04-24,2023-04-30,metro,-2,"San Francisco, CA metro area",41884,1 weeks,199.0,2049
2636575,2023-05-01,2023-05-07,metro,-2,"San Francisco, CA metro area",41884,1 weeks,179.0,2076
2641204,2024-02-05,2024-02-11,metro,-2,"San Francisco, CA metro area",41884,1 weeks,117.0,1570
2641264,2024-02-12,2024-02-18,metro,-2,"San Francisco, CA metro area",41884,1 weeks,161.0,1646
2645588,2023-09-25,2023-10-01,metro,-2,"San Francisco, CA metro area",41884,1 weeks,192.0,2462
2645648,2023-10-02,2023-10-08,metro,-2,"San Francisco, CA metro area",41884,1 weeks,166.0,2477
2649425,2023-09-04,2023-09-10,metro,-2,"San Francisco, CA metro area",41884,1 weeks,146.0,2173
2665234,2023-08-14,2023-08-20,metro,-2,"San Francisco, CA metro area",41884,1 weeks,164.0,2052
2665294,2023-08-21,2023-08-27,metro,-2,"San Francisco, CA metro area",41884,1 weeks,171.0,2154
2672577,2023-11-27,2023-12-03,metro,-2,"San Francisco, CA metro area",41884,1 weeks,201.0,1995
2672637,2023-12-04,2023-12-10,metro,-2,"San Francisco, CA metro area",41884,1 weeks,156.0,1824
2673667,2024-04-29,2024-05-05,metro,-2,"San Francisco, CA metro area",41884,1 weeks,208.0,2257
2673730,2024-05-06,2024-05-12,metro,-2,"San Francisco, CA metro area",41884,1 weeks,224.0,2309
2675252,2023-11-13,2023-11-19,metro,-2,"San Francisco, CA metro area",41884,1 weeks,212.0,2236
2675312,2023-11-20,2023-11-26,metro,-2,"San Francisco, CA metro area",41884,1 weeks,115.0,2048
2687917,2023-07-31,2023-08-06,metro,-2,"San Francisco, CA metro area",41884,1 weeks,170.0,2032
2687977,2023-08-07,2023-08-13,metro,-2,"San Francisco, CA metro area",41884,1 weeks,155.0,1934
2690655,2024-02-19,2024-02-25,metro,-2,"San Francisco, CA metro area",41884,1 weeks,165.0,1721
2695890,2024-01-01,2024-01-07,metro,-2,"San Francisco, CA metro area",41884,1 weeks,91.0,1181
2721212,2023-08-28,2023-09-03,metro,-2,"San Francisco, CA metro area",41884,1 weeks,205.0,1941
2770708,2022-12-26,2023-01-01,metro,-2,"San Francisco, CA metro area",41884,1 weeks,112.0,1384
2772397,2023-07-24,2023-07-30,metro,-2,"San Francisco, CA metro area",41884,1 weeks,161.0,2030
2813533,2023-10-16,2023-10-22,metro,-2,"San Francisco, CA metro area",41884,1 weeks,201.0,2551
2813593,2023-10-23,2023-10-29,metro,-2,"San Francisco, CA metro area",41884,1 weeks,189.0,2542
2868614,2024-02-26,2024-03-03,metro,-2,"San Francisco, CA metro area",41884,1 weeks,196.0,1780
2868674,2024-03-04,2024-03-10,metro,-2,"San Francisco, CA metro area",41884,1 weeks,155.0,1815
2895231,2023-11-06,2023-11-12,metro,-2,"San Francisco, CA metro area",41884,1 weeks,149.0,2371
2896312,2024-04-08,2024-04-14,metro,-2,"San Francisco, CA metro area",41884,1 weeks,216.0,2084
2898898,2024-04-15,2024-04-21,metro,-2,"San Francisco, CA metro area",41884,1 weeks,209.0,2202
2898961,2024-04-22,2024-04-28,metro,-2,"San Francisco, CA metro area",41884,1 weeks,217.0,2229
2900742,2024-03-25,2024-03-31,metro,-2,"San Francisco, CA metro area",41884,1 weeks,197.0,1929
2900802,2024-04-01,2024-04-07,metro,-2,"San Francisco, CA metro area",41884,1 weeks,202.0,1999
2907785,2024-06-24,2024-06-30,metro,-2,"San Francisco, CA metro area",41884,1 weeks,241.0,2245
2911541,2023-10-09,2023-10-15,metro,-2,"San Francisco, CA metro area",41884,1 weeks,183.0,2503
2931368,2024-03-18,2024-03-24,metro,-2,"San Francisco, CA metro area",41884,1 weeks,176.0,1933
2936884,2023-10-30,2023-11-05,metro,-2,"San Francisco, CA metro area",41884,1 weeks,173.0,2468
3052373,2024-07-01,2024-07-07,metro,-2,"San Francisco, CA metro area",41884,1 weeks,162.0,2041
3136675,2024-07-08,2024-07-14,metro,-2,"San Francisco, CA metro area",41884,1 weeks,202.0,2073
3167245,2024-06-03,2024-06-09,metro,-2,"San Francisco, CA metro area",41884,1 weeks,219.0,2331
3178707,2024-05-13,2024-05-19,metro,-2,"San Francisco, CA metro area",41884,1 weeks,221.0,2378
3213784,2024-05-20,2024-05-26,metro,-2,"San Francisco, CA metro area",41884,1 weeks,241.0,2301
3213847,2024-05-27,2024-06-02,metro,-2,"San Francisco, CA metro area",41884,1 weeks,206.0,2306
